id	slug	title	category	status	phase	priority	owners	dependencies	evidence	source	next_gate
CAP-001	commit-first	Commit First / pre-result isolation	ME	IMPLEMENTED_VERIFIED	Phase 1	P0	KEFE-MPD-001|KEFE-PB-001|KEFE-ENG-001		ADR-0019|active runtime	canonical	
CAP-002	typed-question-primitives	Typed configurable question primitives	ME	IMPLEMENTED_VERIFIED	Phase 1	P0	KEFE-CQB-001|KEFE-ENG-001		ADR-0006|generic flow runtime	canonical	
CAP-003	private-reason	Private-by-default reason capture	ME	IMPLEMENTED_VERIFIED	Phase 1	P0	KEFE-MPD-001|KEFE-SEC-001		ADR-0007|ADR-0008	canonical	
CAP-004	confidence-capture	Decision confidence capture	ME	IMPLEMENTED_VERIFIED	Phase 1	P1	KEFE-PB-001|KEFE-AED-001		ADR-0006|test_vertical_slice.py|typed_question_flow_test.dart	canonical	
CAP-005	blind-first-variants	Actor/source/outcome blind variants	ME	IMPLEMENTED_PARTIAL	Phase 2	P1	KEFE-MPD-001|KEFE-CQB-001		ADR-0019|BlindVariantsCalculator|case_analytics_router.py|test_advanced_deliberation_api.py|blind_variants_test.dart|deliberation-workspace.tsx|case-analytics-api.ts	canonical	consumer UI blind/reveal workflow integration
CAP-006	principle-first	Principle-first decision flow	ME	IMPLEMENTED_PARTIAL	Phase 2	P1	KEFE-CQB-001|KEFE-PB-001		ADR-0019|PrincipleFirstCalculator|case_analytics_router.py|test_advanced_deliberation_api.py|principle_first_test.dart|deliberation-workspace.tsx|case-analytics-api.ts	canonical	consumer questionnaire ordering and value commitment gate
CAP-007	role-flip	Role Flip / stakeholder-position reweigh	ME	IMPLEMENTED_PARTIAL	Phase 4	P1	KEFE-PB-001|KEFE-CQB-001|KEFE-DGS-001		ADR-0019|RoleFlipCalculator|case_analytics_router.py|test_synthesis_divergence_api.py|role_flip_test.dart|deliberation-workspace.tsx|case-analytics-api.ts	canonical	consumer deliberation UI reweigh workflow integration
CAP-008	decision-revision	Decision Revision and generic Decision Delta	ME	IMPLEMENTED_VERIFIED	Phase 2	P0	KEFE-MPD-001|KEFE-DGS-001|KEFE-ENG-001		ADR-0025|Product Preview	canonical	
CAP-009	reflection	Non-causal post-decision Reflection	ME	IMPLEMENTED_VERIFIED	Phase 2	P0	KEFE-MPD-001|KEFE-DGS-001		ADR-0026|Slice 24	canonical	
CAP-010	what-would-change-mind	What would change your mind?	ME	PROPOSAL_REVIEW	Phase 4	P1	KEFE-PB-001|KEFE-CQB-001|KEFE-RM-001		ADR-0158|ChangeMindInquiryCalculator|case_analytics_router.py|test_synthesis_divergence_api.py|test_change_mind_inquiry.py|change_mind_inquiry_test.dart|deliberation-workspace.tsx|case-analytics-api.ts	conversation_proposal	exact-head review and question flow integration
CAP-011	insufficient-information-response	Bilmiyorum / yeterli bilgim yok / seçenekler eksik response	ME	PROPOSAL_REVIEW	Phase 2	P0	KEFE-CQB-001|KEFE-TIM-001		ADR-0146|insufficient-information-response.v1.json|case_analytics_router.py|test_advanced_deliberation_api.py|insufficient_info_response_test.dart|deliberation-workspace.tsx|case-analytics-api.ts	conversation_proposal	exact-head review and question input integration
CAP-012	decision-receipt	Versioned Decision Receipt	ME	PROPOSAL_REVIEW	Phase 3	P1	KEFE-PB-001|KEFE-DGS-001|KEFE-SEC-001		ADR-0189|DecisionReceiptGenerator|case_analytics_router.py|test_advanced_deliberation_api.py|decision_receipt_test.dart|deliberation-workspace.tsx|case-analytics-api.ts	conversation_proposal	exact-head review and receipt export integration
CAP-013	temporal-retest	Blind temporal retest / Temporal Drift	ME	IMPLEMENTED_PARTIAL	Phase 4	P1	KEFE-PB-001|KEFE-RM-001|KEFE-DGS-001		ADR-0019|TemporalDriftCalculator|case_analytics_router.py|test_temporal_drift.py|test_temporal_fatigue_api.py|temporal_drift_test.dart|deliberation-workspace.tsx|case-analytics-api.ts	canonical	consumer retest scheduling and temporal drift badge integration
CAP-014	decision-fatigue-guard	Decision fatigue / healthy pacing guard	ME	PROPOSAL_REVIEW	Phase 5	P2	KEFE-PB-001|KEFE-DS-001		ADR-0019|DecisionFatigueCalculator|case_analytics_router.py|test_fatigue_guard.py|test_temporal_fatigue_api.py|fatigue_guard_test.dart|deliberation-workspace.tsx|case-analytics-api.ts	conversation_proposal	consumer session pacing and rest interval prompt integration
CAP-015	challenge-card	Independent Challenge Card	CASE_COMPOSITION	IMPLEMENTED_VERIFIED	Phase 1	P0	KEFE-PB-001|KEFE-DS-001		ADR-0019 challenge-card semantics|Product Preview challenge flow|active runtime	canonical	
CAP-016	signal-consensus-card	Signal / Consensus Card	CASE_COMPOSITION	ARCHITECTURE_ACCEPTED	Phase 4	P1	KEFE-MPD-001|KEFE-TIM-001|KEFE-DS-001		signal-impact-model.v1	canonical	
CAP-017	policy-simulator	Policy Simulator	CASE_COMPOSITION	IMPLEMENTED_PARTIAL	Phase 6	P1	KEFE-PB-001|KEFE-CQB-001		ADR-0019|PolicySimulator|case_analytics_router.py|test_policy_simulator.py|test_policy_simulator_api.py|policy_simulator_test.dart|deliberation-workspace.tsx|case-analytics-api.ts	canonical	consumer policy simulation slider and equilibrium reveal integration
CAP-018	threshold-analysis	Threshold Analysis	CASE_COMPOSITION	IMPLEMENTED_PARTIAL	Phase 4	P1	KEFE-PB-001|KEFE-CQB-001		ADR-0019|ThresholdSensitivityCalculator|case_analytics_router.py|test_threshold_analysis.py|test_governance_impact_api.py|threshold_analysis_test.dart|deliberation-workspace.tsx|case-analytics-api.ts	canonical	consumer deliberation thresholding flow integration
CAP-019	fairness-model-comparison	Fairness / normative model comparison	CASE_COMPOSITION	IMPLEMENTED_PARTIAL	Phase 4	P1	KEFE-PB-001|KEFE-CQB-001		ADR-0019|NormativeModelsCalculator|case_analytics_router.py|test_normative_models.py|test_normative_models_api.py|normative_models_test.dart|deliberation-workspace.tsx|case-analytics-api.ts	canonical	consumer normative perspective comparison integration
CAP-020	responsibility-analysis	Responsibility Analysis	CASE_COMPOSITION	IMPLEMENTED_PARTIAL	Phase 4	P1	KEFE-PB-001|KEFE-CQB-001		ADR-0019|ResponsibilityAnalysisCalculator|case_analytics_router.py|test_responsibility_analysis_api.py|test_governance_impact_api.py|responsibility_analysis_test.dart|deliberation-workspace.tsx|case-analytics-api.ts	canonical	consumer perspective duty bearer disclosure integration
CAP-021	process-analysis	Process Analysis	CASE_COMPOSITION	IMPLEMENTED_PARTIAL	Phase 4	P1	KEFE-PB-001|KEFE-CQB-001		ADR-0019|ProcessAnalysisCalculator|case_analytics_router.py|test_process_analysis_api.py|test_governance_impact_api.py|process_analysis_test.dart|deliberation-workspace.tsx|case-analytics-api.ts	canonical	consumer procedural fairness timeline integration
CAP-022	incentive-map	Incentive Map	CASE_COMPOSITION	IMPLEMENTED_PARTIAL	Phase 4	P2	KEFE-PB-001|KEFE-CQB-001		ADR-0019|IncentiveMapCalculator|case_analytics_router.py|test_incentive_map_api.py|test_governance_impact_api.py|incentive_map_test.dart|deliberation-workspace.tsx|case-analytics-api.ts	canonical	consumer incentive disclosure and rent-seeking lever view
CAP-023	stakeholder-analysis	Stakeholder Analysis	CASE_COMPOSITION	IMPLEMENTED_PARTIAL	Phase 4	P1	KEFE-PB-001|KEFE-CQB-001		ADR-0019|StakeholderImpactCalculator|case_analytics_router.py|test_stakeholder_impact.py|test_governance_impact_api.py|stakeholder_impact_test.dart|deliberation-workspace.tsx|case-analytics-api.ts	canonical	consumer stakeholder matrix and net equity reveal integration
CAP-024	sports-call	Sports CALL	CASE_COMPOSITION	IMPLEMENTED_PARTIAL	Phase 3	P1	KEFE-PB-001|KEFE-CSL-001|KEFE-ENG-001		ADR-0059|sports-call-scene-slice21.v1.json|sports_call_scene_visual.dart|sports_call_scene_slice21_test.dart	canonical	exact-head review and dynamic sports media pipeline integration
CAP-025	atlas	KEFE Atlas	CASE_COMPOSITION	IMPLEMENTED_PARTIAL	Phase 3	P1	KEFE-PB-001|KEFE-TIM-001|KEFE-RM-001		ADR-0055|Slice19|Slice5|atlas_world_globe_slice19_test.dart|premium_atlas_slice5_test.dart|world_globe_canvas.dart	canonical	production routing promotion and live international consensus feed
CAP-026	kefe-today	KEFE Today / real-world current cases	CASE_COMPOSITION	IMPLEMENTED_PARTIAL	Phase 2	P1	KEFE-PB-001|KEFE-ETG-001		ADR-0133|kefe-today-real-event-projection.v1.json|kefe_today_router.py|test_kefe_today_api.py|kefe-today-api.ts|kefe-today-workspace.tsx|kefe-today.test.ts|kefe_today_projection_test.dart	canonical	consumer feed ordering and live editorial scheduling approval
CAP-027	kefe-decide	KEFE Decide / resource allocation simulation	CASE_COMPOSITION	IMPLEMENTED_PARTIAL	Phase 6	P2	KEFE-PB-001|KEFE-CQB-001		ADR-0019|BudgetTradeoffSimulator|case_analytics_router.py|test_budget_tradeoff_simulator.py|test_experience_deliberation_api.py|budget_tradeoff_simulator_test.dart|deliberation-workspace.tsx|case-analytics-api.ts	canonical	consumer budget allocation slider and tradeoff profile integration
CAP-028	kefe-retro	KEFE Retro / historical decision simulation	CASE_COMPOSITION	IMPLEMENTED_PARTIAL	Phase 6	P2	KEFE-PB-001|KEFE-CQB-001		ADR-0019|HistoricalRetrospectiveSimulator|case_analytics_router.py|test_historical_retrospective.py|test_experience_deliberation_api.py|historical_retrospective_test.dart|deliberation-workspace.tsx|case-analytics-api.ts	canonical	consumer historical decision comparison and consequence integration
CAP-029	observe-mode	Observe / Sadece Oku	CASE_COMPOSITION	IMPLEMENTED_PARTIAL	Post-MVP	P2	KEFE-PB-001|KEFE-DS-001		ADR-0019|ObserveModeExploration|case_analytics_router.py|test_observe_mode_exploration.py|test_experience_deliberation_api.py|observe_mode_exploration_test.dart|deliberation-workspace.tsx|case-analytics-api.ts	canonical	consumer read-only exploration mode and non-binding indicator integration
CAP-030	ugc-personal-dilemmas	UGC Personal Dilemmas	CASE_COMPOSITION	IMPLEMENTED_PARTIAL	Phase 5	P2	KEFE-PB-001|KEFE-ETG-001|KEFE-SEC-001		ADR-0019|CommunityDilemmaProposalsService|case_analytics_router.py|test_community_dilemma_proposals.py|test_experience_deliberation_api.py|community_dilemma_proposals_test.dart|deliberation-workspace.tsx|case-analytics-api.ts	canonical	consumer community dilemma proposal creation and peer review flow integration
CAP-031	collective-result	Post-Commit Collective Result	WE	IMPLEMENTED_VERIFIED	Phase 1	P0	KEFE-MPD-001|KEFE-TIM-001		post-Commit Reveal runtime|Slice 23 / PR #149|active runtime	canonical	
CAP-032	reason-distribution	Reason distribution	WE	IMPLEMENTED_VERIFIED	Phase 2	P1	KEFE-PB-001|KEFE-AED-001		ADR-0007|ADR-0008|ADR-0036|ADR-0053|ADR-0140|test_community_reason_pattern_distribution.py|community_reason_pattern_distribution_test.dart	canonical	Exact-head API/Mobile/MVP/Global review; trends, segmentation and Signal qualification remain separate
CAP-033	argument-clustering	Argument pattern clustering	WE	IMPLEMENTED_PARTIAL	Phase 4	P1	KEFE-PB-001|KEFE-AIA-001|KEFE-DGS-001		ADR-0027|PerspectiveClusteringService|case_analytics_router.py|test_perspective_clustering.py|test_perspective_clustering_api.py|perspective_clustering_test.dart|deliberation-workspace.tsx|case-analytics-api.ts	canonical	consumer perspective cluster visualization and thesis exploration integration
CAP-034	bridge-arguments	Bridge arguments / Ortak Zemin	WE	PROPOSAL_REVIEW	Phase 4	P0	KEFE-PB-001|KEFE-AIA-001|KEFE-TIM-001		ADR-0161|BridgeArgumentsService|case_analytics_router.py|test_synthesis_divergence_api.py|test_bridge_arguments.py|bridge_arguments_test.dart|deliberation-workspace.tsx|case-analytics-api.ts	conversation_proposal	exact-head review and perspective landscape integration
CAP-035	perspective-landscape	Near/Opposing/Bridge/Alternative Context perspectives	WE	IMPLEMENTED_VERIFIED	Phase 2	P0	KEFE-PB-001|KEFE-DS-001		Slice 20	canonical	
CAP-036	segment-distribution	Privacy-safe segment distribution	WE	IMPLEMENTED_PARTIAL	Phase 3	P1	KEFE-TIM-001|KEFE-SEC-001		ADR-0019|SegmentDistributionService|case_analytics_router.py|test_segment_distribution.py|test_segment_distribution_api.py|segment_distribution_test.dart|deliberation-workspace.tsx|case-analytics-api.ts	canonical	consumer demographic segment breakdown and k-anonymity guarantee integration
CAP-037	stakeholder-distribution	Stakeholder distribution	WE	IMPLEMENTED_PARTIAL	Phase 4	P1	KEFE-TIM-001|KEFE-RM-001		ADR-0019|StakeholderDistributionCalculator|case_analytics_router.py|test_stakeholder_distribution.py|test_stakeholder_distribution_api.py|stakeholder_distribution_test.dart|deliberation-workspace.tsx|case-analytics-api.ts	canonical	consumer stakeholder representation and pluralism score reveal integration
CAP-038	stakeholder-gap	Stakeholder Gap disclosure	WE	IMPLEMENTED_PARTIAL	Phase 4	P0	KEFE-TIM-001|KEFE-RM-001		ADR-0147|StakeholderGapCalculator|case_analytics_router.py|test_synthesis_divergence_api.py|test_stakeholder_gap.py|stakeholder_gap_test.dart|deliberation-workspace.tsx|case-analytics-api.ts	canonical	consumer perspective reveal and signal impact integration
CAP-039	consensus-divergence	Consensus and divergence classification	WE	IMPLEMENTED_PARTIAL	Phase 4	P1	KEFE-TIM-001|KEFE-AED-001		ADR-0019|ConsensusDivergenceClassifier|case_analytics_router.py|test_divergence_classifier.py|test_consensus_divergence_api.py|consensus_divergence_test.dart|deliberation-workspace.tsx|case-analytics-api.ts	canonical	consumer collective result consensus classification and margin reveal integration
CAP-040	divergence-anatomy	Ayrışma Anatomisi	WE	PROPOSAL_REVIEW	Phase 4	P0	KEFE-PB-001|KEFE-RM-001|KEFE-AIA-001		ADR-0163|DivergenceAnatomyCalculator|case_analytics_router.py|test_synthesis_divergence_api.py|test_divergence_anatomy.py|divergence_anatomy_test.dart|deliberation-workspace.tsx|case-analytics-api.ts	conversation_proposal	exact-head review and divergence classifier integration
CAP-041	expert-public-gap	Expert-Public Gap	WE	IMPLEMENTED_PARTIAL	Phase 8	P2	KEFE-PB-001|KEFE-RM-001|KEFE-CGD-001		ADR-0019|ExpertPublicGapCalculator|case_analytics_router.py|test_expert_public_gap.py|test_expert_public_gap_api.py|expert_public_gap_test.dart|deliberation-workspace.tsx|case-analytics-api.ts	canonical	consumer epistemic gap index and friction point disclosure integration
CAP-042	signal-qualification	Methodology-qualified Signal	SIGNAL	IMPLEMENTED_PARTIAL	Phase 4	P0	KEFE-MPD-001|KEFE-TIM-001|KEFE-RM-001		ADR-0019|signal-impact-model.v1|SignalQualificationService|signal_router.py|test_signal_qualification_api.py|signal-api.ts|signal-workspace.tsx|signal-workspace.test.ts	canonical	exact-head Admin CI and methodology qualification review
CAP-043	contribution-classes	CORE_PRE_RESULT / EXPOSED / ADVOCACY_SUPPORT separation	SIGNAL	IMPLEMENTED_PARTIAL	Phase 4	P0	KEFE-TIM-001|KEFE-RM-001		signal-impact-model.v1|ContributionClassesService|signal_router.py|test_contribution_classes_api.py|signal-api.ts|signal-workspace.tsx|signal-workspace.test.ts	canonical	pre-result isolation audit and contamination monitor verification
CAP-044	signal-health-card	Signal Health Card	SIGNAL	PROPOSAL_REVIEW	Phase 4	P0	KEFE-TIM-001|KEFE-DS-001|KEFE-AED-001		SignalHealthAuditService|signal_router.py|test_signal_health_card_api.py|signal-api.ts|signal-workspace.tsx|signal-workspace.test.ts	conversation_proposal	exact-head review and 5-dimension threshold calibration
CAP-045	signal-half-life	Signal half-life / freshness lifecycle	SIGNAL	PROPOSAL_REVIEW	Phase 4	P1	KEFE-TIM-001|KEFE-RM-001		SignalHalfLifeCalculator|signal_half_life.py|signal_router.py|test_signal_freshness_api.py|signal-api.ts|signal-workspace.tsx|signal-workspace.test.ts	conversation_proposal	exact-head review and decay half-life scheduling integration
CAP-046	signal-scope-alignment	Signal scope alignment	SIGNAL	IMPLEMENTED_PARTIAL	Phase 4	P0	KEFE-TIM-001|KEFE-RM-001		signal-impact-model.v1|SignalScopeAlignmentService|signal_router.py|test_signal_scope_api.py|signal-api.ts|signal-workspace.tsx|signal-workspace.test.ts	canonical	jurisdiction boundary validation and scope seal verification
CAP-047	signal-versioning	MethodologyVersion-pinned Signal history	SIGNAL	IMPLEMENTED_PARTIAL	Phase 4	P0	KEFE-TIM-001|KEFE-DGS-001		signal-impact-model.v1|SignalVersioningService|signal_router.py|test_signal_versioning_api.py|signal-api.ts|signal-workspace.tsx|signal-workspace.test.ts	canonical	cryptographic audit chain and methodology delta shift verification
CAP-048	impact-target	Signal target registry	IMPACT	IMPLEMENTED_PARTIAL	Phase 3	P1	KEFE-MPD-001|KEFE-ADM-001		ADR-0098|ADR-0259|migration 0043|test_signal_target_registry.py|test_signal_target_registry_api.py|signal_target_registry_test.dart	canonical	Postgres CI green and dispatch with real provider
CAP-049	institution-response	Verified Institution Response	IMPACT	IMPLEMENTED_PARTIAL	Phase 5	P0	KEFE-MPD-001|KEFE-ADM-001|KEFE-SEC-001		VerifiedInstitutionResponseService|verified_institution_response.py|impact_router.py|impact-api.ts|impact-workspace.tsx|impact-workspace.test.ts	canonical	authority signature verification and external ingestion gateway integration
CAP-050	institution-response-room	Kurum Cevap Odası	IMPACT	PROPOSAL_REVIEW	Phase 5	P0	KEFE-PB-001|KEFE-ADM-001|KEFE-DS-001		impact_router.py|impact-api.ts|impact-workspace.tsx|impact-workspace.test.ts	conversation_proposal	exact-head review and authority response room audit
CAP-051	response-reweigh	Reweigh after institutional response	IMPACT	IMPLEMENTED_PARTIAL	Phase 5	P1	KEFE-DGS-001|KEFE-RM-001		ImpactReweighService|impact_router.py|test_impact_evidence_verification_api.py|impact-api.ts|impact-workspace.tsx|impact-workspace.test.ts	canonical	consumer reweigh reveal and timeline update
CAP-052	impact-action-tracking	Institution action / promise tracking	IMPACT	IMPLEMENTED_PARTIAL	Phase 5	P1	KEFE-ADM-001|KEFE-DGS-001		ImpactActionTrackingService|impact_router.py|test_action_follow_through_api.py|test_impact_evidence_verification_api.py|impact-api.ts|impact-workspace.tsx|impact-workspace.test.ts	canonical	milestone follow-through and timeline tracking integration
CAP-053	impact-evidence	Impact Evidence	IMPACT	IMPLEMENTED_PARTIAL	Phase 5	P1	KEFE-ADM-001|KEFE-ETG-001		ImpactEvidenceService|impact_router.py|test_impact_evidence_verification_api.py|impact-api.ts|impact-workspace.tsx|impact-workspace.test.ts	canonical	evidence upload gateway and sha256 notarization
CAP-054	impact-verification	Impact Verification	IMPACT	IMPLEMENTED_PARTIAL	Phase 5	P0	KEFE-TIM-001|KEFE-ADM-001		ImpactVerificationEngine|impact_router.py|test_impact_evidence_verification_api.py|impact-api.ts|impact-workspace.tsx|impact-workspace.test.ts	canonical	auditor verification consensus and resolution scoring review
CAP-055	provider-neutral-ingestion	Provider-neutral ingestion orchestration	CONTENT_ADMIN	IMPLEMENTED_EXCLUDED_STACK	Phase 2	P1	KEFE-ENG-001|KEFE-ETG-001		ADR-0028|PR #68	canonical	
CAP-056	original-source-resolution	Original source/content resolution	CONTENT_ADMIN	ROADMAP_ACCEPTED	Phase 2	P1	KEFE-ETG-001|KEFE-AIA-001			canonical	
CAP-057	claim-extraction	First-class Claim extraction and taxonomy	CONTENT_ADMIN	IMPLEMENTED_VERIFIED	Phase 2	P1	KEFE-ETG-001|KEFE-DGS-001		ADR-0027|knowledge.router|ClaimApiClient|ClaimWorkspace|test_claim_knowledge_api.py|claim-api.test.ts|claim-workspace.test.ts	canonical	exact-head Admin CI and knowledge graph integration
CAP-058	claim-assessment	Claim assessment and state lifecycle	CONTENT_ADMIN	IMPLEMENTED_VERIFIED	Phase 2	P1	KEFE-TIM-001|KEFE-ETG-001		knowledge.router assessment lifecycle|ClaimApiClient|ClaimWorkspace|test_claim_knowledge_api.py|claim-api.test.ts	canonical	exact-head Admin CI and editorial assessment review
CAP-059	claim-argument-graph	Claim/Argument graph	CONTENT_ADMIN	IMPLEMENTED_VERIFIED	Phase 4	P1	KEFE-DGS-001|KEFE-AIA-001		knowledge.router claim/argument relations|ClaimApiClient|ClaimWorkspace|test_claim_knowledge_api.py|claim-workspace.test.ts	canonical	exact-head Admin CI and argument graph visualization
CAP-060	ai-editorial-assistance	AI-assisted extract/classify/normalize/suggest/compose/detect	CONTENT_ADMIN	IMPLEMENTED_PARTIAL	Phase 2	P1	KEFE-AIA-001|KEFE-ETG-001		AiEditorialAssistanceService|ai_editorial_router.py|test_ai_editorial_api.py|ai-editorial-api.ts|ai-editorial-workspace.tsx|ai-editorial.test.ts	canonical	provider integration and production editorial workflow validation
CAP-061	proposal-review-queue	Durable human Proposal review queue	CONTENT_ADMIN	IMPLEMENTED_VERIFIED	Phase 2	P1	KEFE-ADM-001|KEFE-ENG-001		Slice 36 / Issue #196|admin-proposal-review-queue-slice36.v1.json|check_admin_proposal_queue_contract.py|test_admin_proposal_queue_http.py	canonical	exact-head Admin CI and editorial queue inspection
CAP-062	editorial-projection	Accepted Candidate Case -> Content Authoring DRAFT projection	CONTENT_ADMIN	IMPLEMENTED_VERIFIED	Phase 2	P0	KEFE-ADM-001|KEFE-ETG-001|KEFE-ENG-001	CAP-061	ADR-0029|ADR-0099|canonical-candidate-bundle-projection.v1.json|check_canonical_candidate_bundle_projection.py|test_canonical_candidate_bundle_projection_http.py	canonical	content authoring publication gate
CAP-063	case-builder	Admin Case Builder	CONTENT_ADMIN	IMPLEMENTED_VERIFIED	Phase 2	P0	KEFE-ADM-001|KEFE-CQB-001		admin-case-builder-draft-workspace.v1.json|check_admin_case_builder_contract.py|check_case_builder_contract.mjs|test_admin_case_builder_http.py	canonical	editorial workflow integration and production authoring approval
CAP-064	flow-composer	Versioned Flow Composer	CONTENT_ADMIN	IMPLEMENTED_VERIFIED	Phase 3	P0	KEFE-ADM-001|KEFE-ENG-001		ADR-0019|admin-flow-composer-draft-workspace.v1.json|check_admin_flow_composer_contract.py|check_flow_composer_contract.mjs|test_admin_flow_composer_http.py	canonical	graph execution engine and multi-step versioning approval
CAP-065	editorial-quality-gate	Editorial quality and risk review	CONTENT_ADMIN	IMPLEMENTED_VERIFIED	Phase 2	P0	KEFE-ADM-001|KEFE-CQB-001|KEFE-ETG-001		admin-editorial-quality-review-workspace.v1.json|check_admin_editorial_quality_review_contract.py|check_editorial_quality_review_contract.mjs|test_admin_editorial_quality_review_http.py	canonical	maker-checker editorial deployment and live policy sign-off
CAP-066	moderation-ops	Reason/content moderation operations	CONTENT_ADMIN	IMPLEMENTED_VERIFIED	Phase 2	P0	KEFE-ADM-001|KEFE-SEC-001		ADR-0140|admin-community-reason-moderation-operations.v1.json|check_admin_community_reason_moderation_contract.py|check_reason_moderation_contract.mjs|test_admin_community_reason_moderation_http.py	canonical	moderator rotation drill and production queue telemetry
CAP-067	verified-expert-contribution	Verified scoped expert contribution	CONTENT_ADMIN	IMPLEMENTED_PARTIAL	Phase 3	P1	KEFE-ADM-001|KEFE-TIM-001		ADR-0201|moderator-audit-log.v1.json|moderator_audit_router.py|test_moderator_audit_api.py|moderator-audit-api.ts|moderator-audit-workspace.tsx|moderator-audit.test.ts	canonical	production public auditor key rotation and verification drill
CAP-068	case-objection	Vaka itiraz / challenge mechanism	CONTENT_ADMIN	PROPOSAL_REVIEW	Phase 3	P1	KEFE-ADM-001|KEFE-ETG-001|KEFE-TIM-001		ADR-0190|case_objection.py|deliberation_workspace.tsx|case-objection-api.ts|deliberation-workspace.test.ts|case_objection_test.dart	conversation_proposal	exact-head review and community objection triage
CAP-069	source-micro-preview	Source micro-preview	TRUST	IMPLEMENTED_PARTIAL	Phase 2	P1	KEFE-ETG-001|KEFE-DS-001		ADR-0130|ADR-0142|context_section_support.dart|context_section_test.dart	canonical	exact-head CI and human review
CAP-070	consumer-information-status	Consumer information-status badges	TRUST	IMPLEMENTED_PARTIAL	Phase 2	P0	KEFE-TIM-001|KEFE-DS-001		ADR-0130|ADR-0142|KEFE-CONTEXT-INFORMATION-STATUS-GUIDE-001|context_information_status_guide_test.dart|context_section_test.dart	canonical	exact-head CI and human review widget test
CAP-071	source-diversity-indicator	Source Diversity Indicator	TRUST	IMPLEMENTED_PARTIAL	Phase 3	P1	KEFE-TIM-001|KEFE-ETG-001		ADR-0170|source-diversity-indicator.v1.json|SourceDiversityCalculator|source_diversity_router.py|test_source_diversity.py|test_source_diversity_api.py|source-diversity-api.ts|source-diversity-workspace.tsx|source-diversity.test.ts|source_diversity_test.dart	canonical	automated news source crawler classifier integration
CAP-072	correction-history	Case/source correction and version history	TRUST	IMPLEMENTED_VERIFIED	Phase 2	P1	KEFE-ETG-001|KEFE-ADM-001		CaseCorrectionHistoryService|test_correction_history.py|test_correction_history_api.py|correction_history_test.dart	canonical	editorial provenance audit and correction dissemination review
CAP-073	bot-anomaly-integrity	Bot, anomaly and coordinated manipulation detection	TRUST	IMPLEMENTED_PARTIAL	Phase 2	P0	KEFE-TIM-001|KEFE-SEC-001		SyntheticAstroturfingShieldService|DynamicAgendaThresholdingService|trust_integrity_router.py|test_trust_integrity_api.py|trust-integrity-api.ts|trust-integrity.test.ts|trust-integrity-workspace.tsx	canonical	production operational cluster aggregation and real-time streaming telemetry
CAP-074	open-methodology-page	Open methodology page per result/Signal	TRUST	IMPLEMENTED_PARTIAL	Phase 3	P0	KEFE-TIM-001|KEFE-DS-001|KEFE-RM-001		ADR-0148|open-methodology-disclosure.v1.json|open_methodology_router.py|test_open_methodology_api.py|open-methodology-api.ts|open-methodology-workspace.tsx|open-methodology.test.ts|open_methodology_sheet.dart|open_methodology_test.dart	canonical	Signal hub surface rollout and mobile sheet telemetry
CAP-075	case-quality-checklist	Case quality checklist instead of magic score	TRUST	PROPOSAL_REVIEW	Phase 2	P1	KEFE-CQB-001|KEFE-ADM-001		ADR-0175|case_quality_checklist.py|case-analytics-api.ts|deliberation-workspace.tsx|deliberation-workspace.test.ts|case_quality_checklist_test.dart	conversation_proposal	exact-head review and CQB checklist audit
CAP-076	radar-live	Live Radar	CONSUMER_GROWTH	IMPLEMENTED_PARTIAL	Phase 3	P1	KEFE-PB-001|KEFE-AED-001		ContextDriftService|KEFE-CONTEXT-DRIFT-ALERTING-001|context-drift-alerting.v1.json|radar_live_router.py|test_radar_live_api.py|radar-live-api.ts|radar-live-workspace.tsx|radar-live.test.ts	canonical	live streaming WebSocket/SSE telemetry feed
CAP-077	user-controlled-discovery	User-controlled discovery profile	CONSUMER_GROWTH	IMPLEMENTED_PARTIAL	Phase 3	P1	KEFE-PB-001|KEFE-SEC-001		ADR-0247|user-controlled-discovery.v1.json|UserDiscoveryProfileService|user_discovery_profile.py|test_user_controlled_discovery_api.py|user-discovery-api.ts|user-discovery-workspace.tsx|user-discovery.test.ts|user_controlled_discovery_test.dart	canonical	mobile client preference persistence and device sync
CAP-078	search-filter	Search and filtering	CONSUMER_GROWTH	IMPLEMENTED_VERIFIED	Phase 2	P1	KEFE-PB-001|KEFE-DS-001		ADR-0141|test_case_search_filter.py|test_case_search_filter_api.py|explore_tolerant_search_test.dart	canonical	exact-head review; remote search, ranking and personalization remain separate
CAP-079	saved-follow-notifications	Save/follow and case lifecycle notifications	CONSUMER_GROWTH	IMPLEMENTED_PARTIAL	Phase 2	P1	KEFE-PB-001|KEFE-CGD-001		ADR-0034|ADR-0066|ADR-0139|case_lifecycle_router.py|test_case_lifecycle_api.py|case-lifecycle-api.ts|case-lifecycle.test.ts|SavedCasesState|saved_case_lifecycle_updates_test.dart	canonical	exact-head CI; server sync and push remain deferred
CAP-080	my-kefe	My KEFE descriptive history	CONSUMER_GROWTH	IMPLEMENTED_VERIFIED	Phase 1	P0	KEFE-PB-001|KEFE-DGS-001		Slice 26 / PR #160|Slice 27 / PR #163|Slice 30 runtime e41cea5fc7bccb4bbe085b48cd15ea5a2fead082	canonical	
CAP-081	kefe-chronicle	KEFE Chronicle	CONSUMER_GROWTH	ROADMAP_HIGH	Phase 4	P1	KEFE-PB-001|KEFE-DGS-001			canonical	
CAP-082	kefe-wrapped	KEFE Wrapped	CONSUMER_GROWTH	ROADMAP_ACCEPTED	Phase 5	P1	KEFE-PB-001|KEFE-CGD-001			canonical	
CAP-083	kefe-values	KEFE Values opt-in self profile	CONSUMER_GROWTH	VALIDATION_REQUIRED	Phase 9	P2	KEFE-PB-001|KEFE-RM-001|KEFE-SEC-001			canonical	
CAP-084	guest-account-conversion	Guest-to-account conversion and data merge	CONSUMER_GROWTH	IMPLEMENTED_PARTIAL	Phase 1	P0	KEFE-PB-001|KEFE-SEC-001		ADR-0109|ADR-0110|ADR-0111|ADR-0145|test_guest_merge_replay.py|test_guest_session_rotation.py	canonical	Real provider delivery and production OTP deployment evidence
CAP-085	data-export-delete	User data export and deletion	CONSUMER_GROWTH	IMPLEMENTED_VERIFIED	Phase 2	P0	KEFE-SEC-001|KEFE-ENG-001		ADR-0151|check_privacy_export_deletion_contract.py|test_privacy_export_deletion_hardening.py|user_data_export_deletion_test.dart	canonical	legal and store safety compliance review
CAP-086	kefe-circle	KEFE Circle / Birlikte Tart	CONSUMER_GROWTH	IMPLEMENTED_PARTIAL	Phase 5	P2	KEFE-PB-001|KEFE-SEC-001		ADR-0224|multi-stakeholder-consensus-circle.v1.json|multi_stakeholder_consensus_circle.py|case_analytics_router.py|test_multi_stakeholder_consensus_circle.py|test_collective_chambers_api.py|case-analytics-api.ts|multi_stakeholder_consensus_circle_models.dart|multi_stakeholder_consensus_circle_test.dart	canonical	consumer round-table session ordering and compromise covenant signing
CAP-087	kefe-rooms	KEFE Rooms	CONSUMER_GROWTH	IMPLEMENTED_PARTIAL	Phase 5+	P2	KEFE-PB-001|KEFE-SEC-001		ADR-0208|enterprise-boardroom-room.v1.json|enterprise_boardroom_room.py|case_analytics_router.py|test_enterprise_boardroom_room.py|test_collective_chambers_api.py|case-analytics-api.ts|enterprise_boardroom_room_models.dart|enterprise_boardroom_room_test.dart	canonical	enterprise cryptographic air-gap verification and fiduciary voting audit
CAP-088	education-mode	KEFE Education / Classroom	CONSUMER_GROWTH	IMPLEMENTED_PARTIAL	Phase 7	P1	KEFE-PB-001|KEFE-RM-001		ADR-0207|youth-deliberation-space.v1.json|youth_deliberation_space.py|case_analytics_router.py|test_youth_deliberation_space.py|test_collective_chambers_api.py|case-analytics-api.ts|youth_deliberation_space_models.dart|youth_deliberation_space_test.dart	canonical_plus_conversation	classroom roster integration and minor safety moderation shield verification
CAP-089	live-event-mode	KEFE Live / live event micro-cases	CONSUMER_GROWTH	ROADMAP_ACCEPTED	Phase 6	P2	KEFE-PB-001|KEFE-TIM-001			canonical	
CAP-090	local-kefe	Yerel KEFE	CONSUMER_GROWTH	PROPOSAL_REVIEW	Phase 6	P1	KEFE-PB-001|KEFE-TIM-001|KEFE-SEC-001			conversation_proposal	
CAP-091	embeddable-kefe-card	Embeddable KEFE card	CONSUMER_GROWTH	PROPOSAL_REVIEW	Phase 8	P1	KEFE-CGD-001|KEFE-TIM-001			conversation_proposal	
CAP-092	public-web-deeplink	Public Web / deep-link landing	CONSUMER_GROWTH	TARGET_RELEASE_DECISION_PENDING	Post-MVP	P1	KEFE-PB-001|KEFE-CGD-001			canonical	
CAP-093	localization-expansion	Additional locales and markets	CONSUMER_GROWTH	ROADMAP_ACCEPTED	Phase 3+	P1	KEFE-PB-001|KEFE-DS-001			canonical	
CAP-094	case-media-platform	Production media/object storage/CDN pipeline	CONSUMER_GROWTH	ARCHITECTURE_ACCEPTED_IMPLEMENTATION_PENDING	Phase 3	P1	KEFE-ENG-001|KEFE-ADM-001			canonical	
CAP-095	accessibility-low-end	Accessibility, Reduce Motion and low-end Android	CONSUMER_GROWTH	ONGOING_MANDATORY	All phases	P0	KEFE-DS-001|KEFE-ENG-001		ADR-0157|accessibility_contrast_motion_test.dart|WCAG_AA_contrast_verification|reduced_motion_guard	canonical	continuous WCAG AA audit and low-end profile frame budget telemetry
CAP-096	ethical-gamification	Ethical non-partisan gamification	CONSUMER_GROWTH	ROADMAP_CANDIDATE	Phase 5	P2	KEFE-PB-001|KEFE-CGD-001			canonical	
CAP-097	context-lens	Context Lens	AI_EXPERIENCE	IMPLEMENTED_PARTIAL	Phase 3	P1	KEFE-PB-001|KEFE-AIA-001		ADR-0167|context_lens.py|test_context_lens.py|case_analytics_router.py|test_context_lens_api.py|case-analytics-api.ts|context_lens_models.dart|context_lens_sheet.dart|context_lens_test.dart	canonical	consumer lens drawer trigger and editorial pillar curation
CAP-098	evidence-builder	Evidence Builder	AI_EXPERIENCE	IMPLEMENTED_PARTIAL	Phase 2/4	P1	KEFE-PB-001|KEFE-AIA-001		ADR-0168|evidence-builder.v1.json|evidence_builder_router.py|test_evidence_builder_api.py|evidence-builder-api.ts|evidence-builder-workspace.tsx|evidence-builder.test.ts	canonical	peer citation audit and community verification voting workflow
CAP-099	perspective-coach	Perspective Coach	AI_EXPERIENCE	TEST	Phase 4	P2	KEFE-PB-001|KEFE-AIA-001			canonical	
CAP-100	ai-devils-advocate	AI Devil's Advocate	AI_EXPERIENCE	TEST	Phase 7	P2	KEFE-PB-001|KEFE-AIA-001			canonical	
CAP-101	kefe-debate-sparring	KEFE Debate / Sparring	AI_EXPERIENCE	ROADMAP_ACCEPTED	Phase 7	P2	KEFE-PB-001|KEFE-AIA-001			canonical	
CAP-102	outcome-triangle	Outcome Triangle	AI_EXPERIENCE	IMPLEMENTED_PARTIAL	Phase 4	P2	KEFE-PB-001|KEFE-DGS-001		OutcomeTriangleCalculator|case_analytics_router.py|test_advanced_deliberation_api.py|outcome_triangle_test.dart|deliberation-workspace.tsx|case-analytics-api.ts	canonical	interactive visualization and radar chart rendering
CAP-103	kefe-plus	KEFE+ subscription	COMMERCIAL	ACCEPTED_POST_PMF_GATE	Post-PMF	P1	KEFE-CGD-001|KEFE-PB-001			canonical	
CAP-104	entitlement-service	Provider-independent Entitlement Service	COMMERCIAL	ARCHITECTURE_ACCEPTED	Post-PMF	P0	KEFE-CGD-001|KEFE-ENG-001			canonical	
CAP-105	native-store-billing	Apple/Google native billing + server verification	COMMERCIAL	ACCEPTED_POST_PMF_GATE	Post-PMF	P1	KEFE-CGD-001|KEFE-ENG-001			canonical	
CAP-106	web-checkout	Web checkout/account linking	COMMERCIAL	ROADMAP_ACCEPTED	Post-native billing	P2	KEFE-CGD-001|KEFE-SEC-001			canonical	
CAP-107	commercial-catalog	Regional product/price/catalog service	COMMERCIAL	ARCHITECTURE_ACCEPTED	Post-PMF	P1	KEFE-CGD-001|KEFE-ENG-001			canonical	
CAP-108	kefe-insights	KEFE Insights aggregate B2B	COMMERCIAL	IMPLEMENTED_PARTIAL	Phase 8	P1	KEFE-CGD-001|KEFE-RM-001		ADR-0210|ngo-impact-desk.v1.json|NgoImpactDeskService|test_ngo_impact_desk.py|test_civic_research_ngo_api.py|case-analytics-api.ts|case-analytics-api.test.ts	canonical	production institutional integration and verified advocacy audit
CAP-109	kefe-research	KEFE Research	COMMERCIAL	IMPLEMENTED_PARTIAL	Phase 7	P1	KEFE-CGD-001|KEFE-RM-001		ADR-0209|academic-research-portal.v1.json|AcademicResearchPortalService|test_academic_research_portal.py|test_civic_research_ngo_api.py|case-analytics-api.ts|case-analytics-api.test.ts	canonical	academic institutional peer review and DOI repository publishing
CAP-110	custom-studies	Custom Studies	COMMERCIAL	ROADMAP_ACCEPTED	Phase 7/8	P2	KEFE-CGD-001|KEFE-RM-001			canonical	
CAP-111	kefe-pulse	KEFE Pulse aggregate embeds	COMMERCIAL	ROADMAP_ACCEPTED	Phase 8	P1	KEFE-CGD-001|KEFE-TIM-001			canonical	
CAP-112	aggregate-api	Aggregate API	COMMERCIAL	ROADMAP_ACCEPTED	Phase 8	P1	KEFE-CGD-001|KEFE-SEC-001			canonical	
CAP-113	ethical-sponsorship	Transparent sponsorship/partnership model	COMMERCIAL	ARCHITECTURE_ACCEPTED	Phase 8	P2	KEFE-CGD-001|KEFE-CIV-001			canonical	
CAP-114	north-star-metric	Meaningful Weighs / WAU	ANALYTICS_REPORTING	IMPLEMENTED_PARTIAL	Phase 1	P0	KEFE-AED-001|KEFE-PB-001		MeaningfulWeighsAggregator|router.py|test_analytics_metrics_api.py|analytics-metrics-api.ts|analytics-metrics.test.ts|analytics-metrics-workspace.tsx	canonical	production event warehouse ingestion and aggregate rollup
CAP-115	activation-funnel	Activation funnel	ANALYTICS_REPORTING	IMPLEMENTED_PARTIAL	Phase 1	P0	KEFE-AED-001		ActivationFunnelCalculator|router.py|test_analytics_metrics_api.py|analytics-metrics-api.ts|analytics-metrics.test.ts|analytics-metrics-workspace.tsx	canonical	session event stream pipeline and real-time conversion monitoring
CAP-116	quality-metrics	Deep Weigh/source/perspective/revision quality metrics	ANALYTICS_REPORTING	IMPLEMENTED_PARTIAL	Phase 2	P0	KEFE-AED-001|KEFE-RM-001		PerspectiveResilienceCalculator|router.py|test_analytics_metrics_api.py|analytics-metrics-api.ts|analytics-metrics.test.ts|analytics-metrics-workspace.tsx	canonical	longitudinal cohort tracking and perspective shift validation
CAP-117	trust-safety-metrics	Trust, integrity and safety metrics	ANALYTICS_REPORTING	IMPLEMENTED_PARTIAL	Phase 2	P0	KEFE-AED-001|KEFE-TIM-001		DepolarizationCalculator|KEFE-DEPOLAR-INDEX-001|depolarization-index.v1.json|test_depolarization_index.py|test_analytics_metrics_api.py|analytics-metrics-api.ts|analytics-metrics.test.ts	canonical	depolarization calibration across diverse demographic clusters
CAP-118	growth-attribution	Privacy-safe growth/referral attribution	ANALYTICS_REPORTING	ARCHITECTURE_ACCEPTED	Phase 5	P1	KEFE-AED-001|KEFE-CGD-001|KEFE-SEC-001			canonical	
CAP-119	premium-funnel	Premium funnel and subscription metrics	ANALYTICS_REPORTING	ROADMAP_ACCEPTED	Post-PMF	P1	KEFE-AED-001|KEFE-CGD-001			canonical	
CAP-120	user-personal-reports	My KEFE/Chronicle/Wrapped personal reports	ANALYTICS_REPORTING	ROADMAP_ACCEPTED	Phase 4/5	P1	KEFE-PB-001|KEFE-AED-001		Issue#387|ADR-0138|my-kefe-journey-report.v1|my_kefe_personal_report_test.dart	canonical	exact-head core CI, phone artifact, human review; no lifecycle promotion
CAP-121	institutional-reports	Aggregate institutional reports	ANALYTICS_REPORTING	ROADMAP_ACCEPTED	Phase 8	P1	KEFE-CGD-001|KEFE-RM-001			canonical	
CAP-122	research-reports	Study and reproducibility reports	ANALYTICS_REPORTING	ROADMAP_ACCEPTED	Phase 7	P1	KEFE-RM-001|KEFE-AED-001			canonical	
CAP-123	admin-operational-reports	Admin operational/trust/editorial reports	ANALYTICS_REPORTING	ROADMAP_ACCEPTED	Phase 2+	P1	KEFE-ADM-001|KEFE-AED-001			canonical	
CAP-124	finops-reporting	FinOps unit economics and provider cost reporting	ANALYTICS_REPORTING	IMPLEMENTED_PARTIAL	Phase 2+	P1	KEFE-CGD-001|KEFE-ENG-001		finops_router.py|test_finops_api.py|finops-api.ts|finops-workspace.tsx|finops.test.ts	canonical	production cloud billing telemetry ingestion and live provider spend alerting
CAP-125	privacy-safe-research-export	Privacy-safe research/data portability package	ANALYTICS_REPORTING	PROPOSAL_REVIEW	Phase 7/8	P2	KEFE-RM-001|KEFE-SEC-001		ADR-0209|academic-research-portal.v1.json|AcademicResearchPortalService|test_civic_research_ngo_api.py|case-analytics-api.ts	conversation_proposal	differential privacy formal privacy-budget audit and export encryption verification
CAP-126	capability-portfolio-register	Capability Portfolio Register and no-forgotten-feature gate	GOVERNANCE	IMPLEMENTED_THIS_CHANGE	All phases	P0	KEFE-GOV-001|KEFE-PB-001		v3.5 WORKING documentation package|Issue #175|Drive file 1xJnoSFQB963acChiAQCSBAbS5VOdOJAJ	current_change	
CAP-127	standards-council	Independent Standards Council	GOVERNANCE	LONG_TERM	Phase 9+	P2	KEFE-PB-001|KEFE-GOV-001			canonical	
CAP-128	global-indices	Global indices	GOVERNANCE	VALIDATION_ONLY	Phase 9	P3	KEFE-PB-001|KEFE-RM-001			canonical	
